{"stat.craftItem.263":5,"stat.walkOneCm":297624,"stat.craftItem.265":8,"stat.useItem.61":2,"stat.craftItem.61":1,"stat.killEntity.Slime":67,"stat.mineBlock.58":6,"stat.mineBlock.15":8,"stat.mineBlock.18":8,"stat.mineBlock.17":24,"stat.jump":549,"stat.swimOneCm":30243,"stat.climbOneCm":1539,"stat.fallOneCm":8167,"achievement.buildWorkBench":11,"achievement.buildSword":2,"achievement.mineWood":23,"stat.craftItem.325":2,"stat.mineBlock.106":19,"achievement.exploreAllBiomes":{"value":0,"progress":["Forest","Swampland"]},"achievement.openInventory":57,"stat.craftItem.5":76,"stat.craftItem.280":16,"stat.damageTaken":2915,"stat.mineBlock.111":1,"stat.mineBlock.3":1048,"stat.mineBlock.1":43,"stat.mineBlock.61":1,"stat.mobKills":76,"achievement.killEnemy":71,"achievement.buildFurnace":2,"stat.useItem.54":1,"stat.flyOneCm":18786,"stat.craftItem.58":6,"stat.useItem.6":2,"achievement.acquireIron":1,"stat.drop":12,"stat.mineBlock.39":1,"achievement.buildPickaxe":2,"stat.playOneMinute":76301,"stat.killEntity.Witch":1,"stat.craftItem.50":16,"stat.craftItem.270":1,"stat.craftItem.54":1,"stat.useItem.3":1000,"stat.damageDealt":8980,"achievement.buildBetterPickaxe":1,"stat.killEntity.Pig":2,"stat.useItem.270":26,"stat.mineBlock.31":35,"stat.useItem.58":8,"stat.diveOneCm":117779}