{"stat.walkOneCm":40707,"achievement.openInventory":8,"stat.craftItem.5":28,"stat.craftItem.280":8,"stat.leaveGame":1,"stat.damageTaken":850,"stat.mineBlock.175":4,"stat.mobKills":1,"stat.mineBlock.58":2,"stat.flyOneCm":26097,"stat.mineBlock.38":4,"stat.craftItem.58":2,"stat.deaths":2,"stat.mineBlock.18":4,"stat.mineBlock.17":8,"stat.drop":17,"stat.jump":121,"stat.swimOneCm":3466,"stat.playOneMinute":6545,"stat.fallOneCm":3928,"stat.craftItem.271":1,"stat.damageDealt":355,"stat.useItem.17":1,"achievement.exploreAllBiomes":{"value":0,"progress":["Flower Forest","River","Plains","TaigaHills"]},"stat.diveOneCm":1686,"stat.useItem.58":2,"stat.mineBlock.31":9,"stat.useItem.271":2}