{"stat.walkOneCm":161131,"stat.craftItem.268":2,"achievement.openInventory":7,"stat.craftItem.5":16,"stat.leaveGame":1,"stat.craftItem.280":8,"stat.damageTaken":1930,"stat.mineBlock.175":2,"stat.mineBlock.3":16,"stat.mobKills":14,"stat.mineBlock.85":2,"stat.entityKilledBy.Creeper":1,"stat.mineBlock.58":1,"stat.flyOneCm":49955,"stat.craftItem.58":2,"stat.deaths":5,"stat.mineBlock.17":10,"tconstruct.beginner":2,"stat.drop":67,"stat.jump":221,"stat.swimOneCm":25506,"stat.useItem.268":6,"stat.playOneMinute":29857,"stat.fallOneCm":6741,"stat.climbOneCm":240,"achievement.buildWorkBench":2,"stat.useItem.3":11,"stat.damageDealt":1810,"strider.kill":1,"achievement.buildSword":2,"achievement.mineWood":5,"stat.useItem.17":1,"stat.mineBlock.50":1,"achievement.exploreAllBiomes":{"value":0,"progress":["Beach","Forest","River","Plains","Taiga","Swampland"]},"stat.mineBlock.31":15,"stat.diveOneCm":20150,"stat.useItem.58":2}