{"stat.useItem.274":38,"stat.useItem.275":90,"stat.walkOneCm":730595,"stat.leaveGame":1,"stat.killEntity.Slime":23,"stat.mineBlock.175":1,"stat.mineBlock.14":3,"stat.mineBlock.16":104,"stat.mineBlock.15":47,"stat.mineBlock.18":38,"stat.mineBlock.17":159,"stat.jump":1200,"stat.swimOneCm":2995,"stat.useItem.324":1,"stat.fallOneCm":40795,"stat.climbOneCm":2594,"achievement.buildWorkBench":1,"achievement.buildSword":3,"achievement.mineWood":152,"stat.craftItem.324":2,"stat.entityKilledBy.Enderman":1,"stat.mineBlock.106":9,"achievement.exploreAllBiomes":{"value":0,"progress":["Forest","Plains","Swampland"]},"stat.useItem.295":1,"stat.killEntity.Skeleton":1,"stat.useItem.257":40,"stat.craftItem.5":120,"achievement.openInventory":63,"stat.killEntity.Chicken":14,"stat.craftItem.280":20,"stat.mineBlock.4":13,"stat.damageTaken":77480,"stat.mineBlock.5":8,"stat.mineBlock.3":16,"stat.mineBlock.1":245,"stat.mobKills":91,"stat.entityKilledBy.Creeper":5,"achievement.killEnemy":34,"stat.useItem.54":1,"stat.craftItem.274":1,"stat.craftItem.58":1,"stat.flyOneCm":188557,"stat.mineBlock.38":1,"stat.deaths":13,"stat.craftItem.275":1,"stat.drop":126,"stat.useItem.50":2,"achievement.buildPickaxe":5,"stat.playOneMinute":140901,"stat.killEntity.Witch":4,"stat.useItem.1":2,"stat.useItem.4":38,"stat.useItem.5":10,"stat.craftItem.54":1,"stat.useItem.3":3,"stat.damageDealt":9455,"achievement.buildBetterPickaxe":5,"stat.killEntity.Zombie":4,"stat.killEntity.Pig":13,"stat.useItem.58":1,"stat.mineBlock.31":42,"stat.diveOneCm":4714,"stat.craftItem.307":1,"stat.craftItem.309":1}