{"stat.walkOneCm":77060,"stat.useItem.85":1,"achievement.openInventory":12,"stat.craftItem.5":28,"stat.craftItem.280":12,"stat.leaveGame":1,"stat.damageTaken":640,"stat.mineBlock.5":1,"spriggan.kill":1,"stat.mineBlock.1":7,"stat.mobKills":8,"stat.mineBlock.85":1,"achievement.killEnemy":1,"stat.mineBlock.58":4,"stat.flyOneCm":23664,"stat.craftItem.58":2,"stat.mineBlock.38":3,"stat.mineBlock.17":7,"stat.useItem.72":1,"stat.drop":11,"stat.jump":174,"achievement.buildPickaxe":1,"stat.swimOneCm":2599,"stat.playOneMinute":10323,"stat.fallOneCm":2226,"stat.useItem.4":2,"achievement.buildWorkBench":4,"stat.craftItem.270":1,"stat.damageDealt":1170,"achievement.buildSword":1,"achievement.mineWood":7,"stat.mineBlock.102":1,"stat.mineBlock.72":1,"stat.killEntity.Pig":6,"achievement.exploreAllBiomes":{"value":0,"progress":["Flower Forest","River","Plains","Extreme Hills","Extreme Hills+ M"]},"stat.useItem.270":7,"stat.useItem.58":4,"stat.diveOneCm":2121,"stat.useItem.38":2}