{"stat.walkOneCm":68454,"stat.craftItem.268":1,"achievement.openInventory":2,"stat.craftItem.5":12,"stat.leaveGame":2,"stat.craftItem.280":4,"stat.damageTaken":1159,"stat.mineBlock.175":1,"stat.flyOneCm":25977,"stat.craftItem.58":1,"stat.deaths":5,"stat.mineBlock.18":6,"stat.drop":29,"stat.mineBlock.39":2,"stat.mineBlock.17":4,"stat.jump":154,"stat.swimOneCm":313,"achievement.buildPickaxe":1,"stat.useItem.268":11,"stat.playOneMinute":6661,"stat.climbOneCm":1636,"stat.fallOneCm":3029,"achievement.buildWorkBench":2,"stat.craftItem.270":1,"stat.damageDealt":365,"achievement.buildSword":1,"achievement.mineWood":4,"stat.useItem.17":1,"achievement.exploreAllBiomes":{"value":0,"progress":["Beach","Mega Taiga Hills","Forest","Plains","Taiga","Mega Taiga","TaigaHills"]},"stat.mineBlock.31":4,"stat.useItem.58":1,"stat.diveOneCm":173}