{"stat.useItem.61":2,"stat.craftItem.61":2,"stat.leaveGame":2,"stat.killEntity.Slime":3,"stat.mineBlock.14":25,"stat.mineBlock.13":5,"stat.mineBlock.16":282,"stat.mineBlock.15":112,"stat.mineBlock.18":2,"stat.mineBlock.17":3,"stat.jump":317,"stat.swimOneCm":14163,"stat.fallOneCm":3986,"achievement.buildWorkBench":3,"achievement.exploreAllBiomes":{"value":0,"progress":["Forest","Plains","Swampland"]},"stat.craftItem.5":12,"stat.damageTaken":1965,"stat.mineBlock.5":1,"stat.mineBlock.3":15,"stat.mineBlock.1":170,"stat.mineBlock.61":2,"stat.flyOneCm":85888,"stat.useItem.50":54,"achievement.buildPickaxe":2,"stat.damageDealt":2725,"achievement.buildBetterPickaxe":1,"stat.mineBlock.73":9,"stat.useItem.58":3,"stat.useItem.274":139,"stat.walkOneCm":176983,"stat.craftItem.265":27,"stat.playerKills":1,"stat.mineBlock.58":1,"achievement.buildSword":1,"achievement.mineWood":4,"stat.mineBlock.50":3,"stat.breakItem.270":1,"stat.breakItem.274":1,"achievement.openInventory":64,"stat.craftItem.280":12,"stat.mobKills":10,"stat.mineBlock.21":10,"achievement.killEnemy":7,"achievement.buildFurnace":4,"stat.craftItem.58":2,"achievement.acquireIron":8,"stat.drop":6,"stat.playOneMinute":48381,"stat.craftItem.50":52,"stat.useItem.4":13,"stat.craftItem.270":1,"stat.useItem.3":25,"stat.killEntity.Zombie":1,"stat.useItem.270":59,"stat.useItem.13":10,"stat.craftItem.307":1,"stat.diveOneCm":2181}