{"stat.useItem.274":69,"stat.useItem.275":16,"stat.useItem.67":112,"stat.walkOneCm":611478,"stat.craftItem.265":21,"stat.useItem.61":2,"stat.playerKills":1,"achievement.buildHoe":2,"stat.craftItem.61":1,"evilcraft.fart":3,"stat.craftItem.67":168,"stat.leaveGame":1,"stat.killEntity.Slime":63,"stat.mineBlock.58":4,"stat.mineBlock.13":31,"stat.mineBlock.16":78,"stat.mineBlock.15":24,"stat.mineBlock.18":4,"stat.mineBlock.17":11,"stat.jump":891,"stat.swimOneCm":12157,"stat.useItem.324":2,"stat.fallOneCm":27507,"stat.climbOneCm":1756,"stat.craftItem.291":1,"achievement.buildWorkBench":2,"achievement.mineWood":5,"stat.mineBlock.50":1,"stat.craftItem.324":1,"stat.craftItem.325":2,"stat.mineBlock.106":4,"achievement.exploreAllBiomes":{"value":0,"progress":["Forest","Plains","Swampland"]},"stat.useItem.291":40,"stat.useItem.38":2,"stat.useItem.295":5,"stat.craftItem.5":44,"achievement.openInventory":248,"evilcraft.firstAge":5,"stat.killEntity.Chicken":8,"stat.craftItem.280":32,"stat.damageTaken":20780,"stat.mineBlock.4":44,"stat.mineBlock.5":1,"stat.mineBlock.111":1,"stat.mineBlock.3":94,"stat.mineBlock.1":1019,"stat.mineBlock.61":2,"stat.mobKills":105,"stat.entityKilledBy.Creeper":1,"stat.mineBlock.67":3,"stat.craftItem.272":1,"evilcraft.cannibal":1,"stat.craftItem.58":2,"stat.flyOneCm":133082,"stat.craftItem.274":1,"stat.mineBlock.38":2,"stat.useItem.6":1,"stat.craftItem.275":1,"stat.deaths":6,"stat.useItem.50":18,"stat.drop":177,"stat.playOneMinute":106514,"stat.killEntity.Witch":1,"stat.craftItem.50":52,"stat.entityKilledBy.Chicken":1,"stat.useItem.4":202,"stat.useItem.5":1,"stat.craftItem.270":1,"stat.craftItem.271":1,"stat.useItem.3":52,"stat.damageDealt":11115,"stat.killEntity.Zombie":5,"stat.killEntity.Pig":3,"stat.useItem.270":30,"stat.mineBlock.31":204,"stat.useItem.58":6,"stat.diveOneCm":2054,"stat.useItem.272":6,"stat.useItem.271":1}