{"stat.walkOneCm":152561,"stat.craftItem.268":1,"achievement.openInventory":12,"stat.craftItem.5":16,"stat.craftItem.280":8,"stat.damageTaken":11932,"stat.mineBlock.5":2,"stat.mineBlock.3":5,"stat.mineBlock.1":13,"stat.mobKills":7,"stat.entityKilledBy.Creeper":1,"stat.mineBlock.58":1,"stat.mineBlock.13":2,"stat.flyOneCm":81176,"stat.craftItem.58":1,"stat.deaths":18,"stat.mineBlock.18":11,"stat.mineBlock.17":7,"stat.drop":60,"stat.jump":378,"stat.swimOneCm":6998,"achievement.buildPickaxe":1,"stat.useItem.268":2,"stat.playOneMinute":20834,"stat.fallOneCm":12178,"stat.useItem.4":1,"stat.useItem.5":1,"achievement.buildWorkBench":2,"stat.craftItem.270":1,"stat.useItem.3":22,"stat.craftItem.271":1,"stat.damageDealt":315,"achievement.buildSword":1,"achievement.mineWood":4,"achievement.exploreAllBiomes":{"value":0,"progress":["ForestHills","Flower Forest","Birch Forest","River","Plains","TaigaHills"]},"stat.useItem.13":3,"stat.mineBlock.31":8,"stat.diveOneCm":6100,"stat.useItem.58":1,"stat.useItem.271":1}