{"kobold.kill":1,"stat.walkOneCm":277646,"stat.killEntity.EntityHorse":1,"stat.craftItem.268":1,"stat.playerKills":1,"stat.leaveGame":1,"stat.mineBlock.58":1,"stat.mineBlock.17":20,"stat.jump":866,"stat.swimOneCm":33932,"stat.fallOneCm":20405,"stat.climbOneCm":709,"achievement.buildWorkBench":8,"stat.entityKilledBy.Skeleton":1,"achievement.killCow":1,"achievement.buildSword":3,"achievement.mineWood":18,"achievement.exploreAllBiomes":{"value":0,"progress":["Beach","Forest","River","Plains","Swampland"]},"achievement.openInventory":21,"stat.craftItem.5":80,"stat.craftItem.280":28,"stat.damageTaken":24243,"stat.mineBlock.111":1,"stat.mineBlock.3":1,"stat.mobKills":9,"achievement.killEnemy":1,"evilcraft.cannibal":1,"stat.flyOneCm":118920,"stat.craftItem.58":4,"stat.deaths":28,"stat.drop":138,"achievement.buildPickaxe":2,"stat.useItem.268":5,"stat.playOneMinute":32603,"stat.craftItem.271":1,"stat.useItem.3":30,"stat.damageDealt":820,"stat.useItem.58":4,"stat.mineBlock.31":42,"stat.diveOneCm":17557,"stat.useItem.271":6}