{"stat.useItem.275":11,"stat.walkOneCm":192646,"stat.useItem.61":2,"stat.craftItem.61":2,"stat.leaveGame":1,"stat.mineBlock.175":2,"stat.mineBlock.58":6,"stat.mineBlock.16":26,"stat.mineBlock.15":21,"stat.mineBlock.18":3,"stat.mineBlock.17":14,"stat.craftItem.299":1,"stat.jump":702,"stat.swimOneCm":2029,"stat.craftItem.257":1,"stat.fallOneCm":23575,"stat.climbOneCm":5613,"stat.entityKilledBy.CaveSpider":1,"achievement.mineWood":12,"stat.mineBlock.102":1,"achievement.exploreAllBiomes":{"value":0,"progress":["ForestHills","Flower Forest","River","Plains"]},"stat.mineBlock.54":1,"stat.useItem.38":1,"silex.kill":1,"stat.craftItem.364":9,"stat.useItem.257":2,"achievement.openInventory":56,"stat.craftItem.5":60,"stat.craftItem.280":16,"stat.damageTaken":12230,"stat.mineBlock.4":8,"stat.mineBlock.3":13,"stat.mineBlock.1":54,"stat.mineBlock.61":1,"stat.mobKills":22,"stat.useItem.53":1,"stat.killEntity.CaveSpider":1,"stat.flyOneCm":219401,"stat.craftItem.58":2,"stat.craftItem.275":2,"stat.deaths":19,"stat.drop":234,"stat.playOneMinute":30981,"stat.useItem.5":1,"stat.craftItem.270":1,"stat.useItem.3":2,"stat.damageDealt":5205,"stat.killEntity.Cow":4,"stat.mineBlock.30":1,"stat.useItem.270":8,"stat.diveOneCm":4206,"stat.useItem.58":10,"stat.mineBlock.31":9,"stat.useItem.15":6}