{"stat.useItem.61":5,"stat.craftItem.61":5,"stat.leaveGame":2,"stat.breakItem.257":3,"stat.mineBlock.14":20,"stat.entityKilledBy.Pig":1,"stat.mineBlock.13":35,"stat.mineBlock.16":231,"stat.mineBlock.15":74,"stat.mineBlock.18":7,"stat.mineBlock.17":19,"stat.swimOneCm":4963,"stat.jump":1241,"stat.fallOneCm":25453,"stat.climbOneCm":1557,"achievement.buildWorkBench":5,"achievement.exploreAllBiomes":{"value":0,"progress":["ForestHills","Extreme Hills+","Forest","River","Plains","Taiga","Extreme Hills","Swampland"]},"stat.craftItem.5":64,"evilcraft.firstAge":1,"stat.damageTaken":8460,"stat.mineBlock.4":7,"stat.mineBlock.5":1,"achievement.diamonds":24,"stat.mineBlock.3":23,"stat.mineBlock.1":2039,"stat.useItem.54":2,"stat.flyOneCm":121728,"stat.useItem.50":48,"achievement.buildPickaxe":18,"metAttractedDrop":506,"stat.damageDealt":2305,"achievement.buildBetterPickaxe":16,"stat.mineBlock.129":5,"stat.mineBlock.73":57,"stat.useItem.58":4,"stat.useItem.274":92,"stat.craftItem.263":2,"stat.walkOneCm":632880,"stat.craftItem.265":73,"stat.useItem.278":753,"stat.craftItem.266":16,"stat.craftItem.268":1,"stat.playerKills":2,"stat.mineBlock.58":2,"stat.craftItem.257":4,"metMaterialGather":24,"achievement.buildSword":4,"achievement.mineWood":18,"stat.mineBlock.50":6,"stat.mineBlock.56":26,"stat.killEntity.Skeleton":3,"stat.breakItem.270":1,"stat.breakItem.271":1,"stat.useItem.257":828,"achievement.openInventory":186,"stat.killEntity.Chicken":1,"stat.craftItem.280":32,"stat.mobKills":19,"stat.mineBlock.21":4,"stat.entityKilledBy.Creeper":2,"achievement.killEnemy":3,"achievement.buildFurnace":10,"stat.craftItem.58":3,"stat.craftItem.274":1,"stat.deaths":4,"achievement.acquireIron":24,"stat.drop":144,"stat.craftItem.278":1,"stat.playOneMinute":149003,"stat.craftItem.50":52,"stat.useItem.4":146,"stat.useItem.5":21,"stat.craftItem.270":1,"stat.craftItem.54":2,"stat.useItem.3":17,"stat.craftItem.271":1,"stat.useItem.270":61,"stat.craftItem.306":1,"stat.useItem.13":4,"stat.mineBlock.31":20,"stat.diveOneCm":2727,"stat.craftItem.307":1,"stat.craftItem.308":1,"stat.useItem.271":51,"stat.craftItem.309":1}