{"stat.useItem.274":95,"stat.useItem.351":39,"stat.useItem.273":120,"stat.walkOneCm":1031505,"stat.craftItem.265":71,"stat.useItem.61":16,"stat.craftItem.266":19,"stat.craftItem.61":16,"stat.breakItem.256":1,"stat.leaveGame":1,"stat.killEntity.Slime":1,"stat.killEntity.Creeper":2,"stat.mineBlock.44":5,"stat.mineBlock.58":10,"stat.mineBlock.14":26,"stat.mineBlock.13":134,"stat.mineBlock.16":134,"stat.mineBlock.15":85,"stat.craftItem.297":1,"stat.mineBlock.17":12,"stat.jump":1239,"stat.swimOneCm":1315,"stat.craftItem.257":1,"stat.fallOneCm":47335,"stat.climbOneCm":694,"achievement.buildWorkBench":4,"metMaterialGather":32,"achievement.mineWood":3,"stat.craftItem.1":131,"stat.mineBlock.50":4,"stat.entityKilledBy.Enderman":1,"achievement.exploreAllBiomes":{"value":0,"progress":["Forest","Plains","Swampland"]},"stat.mineBlock.54":1,"stat.mineBlock.56":16,"stat.useItem.295":7,"stat.useItem.44":5,"stat.killEntity.Skeleton":8,"stat.useItem.256":31,"stat.craftItem.320":17,"stat.craftItem.366":1,"stat.useItem.258":21,"stat.useItem.257":117,"achievement.openInventory":180,"stat.craftItem.5":184,"evilcraft.firstAge":10,"stat.craftItem.280":48,"stat.craftItem.44":12,"stat.damageTaken":21066,"stat.mineBlock.4":123,"stat.mineBlock.5":18,"stat.mineBlock.3":44,"stat.mineBlock.1":2469,"stat.killEntity.Enderman":1,"stat.mineBlock.61":5,"stat.mobKills":133,"stat.mineBlock.21":7,"stat.entityKilledBy.Creeper":2,"stat.mineBlock.67":2,"stat.mineBlock.6":1,"stat.craftItem.273":1,"stat.useItem.54":12,"stat.craftItem.58":3,"stat.flyOneCm":161990,"stat.craftItem.274":2,"stat.craftItem.351":39,"stat.useItem.6":1,"stat.deaths":8,"stat.drop":174,"stat.useItem.50":76,"achievement.buildPickaxe":2,"stat.playOneMinute":152863,"stat.killEntity.Witch":7,"stat.useItem.1":109,"stat.entityKilledBy.Zombie":2,"stat.craftItem.50":92,"stat.useItem.107":2,"stat.useItem.4":445,"stat.craftItem.54":11,"stat.useItem.3":16,"stat.damageDealt":14685,"achievement.buildBetterPickaxe":2,"stat.killEntity.Zombie":35,"stat.craftItem.107":2,"stat.mineBlock.73":37,"stat.useItem.13":2,"stat.useItem.391":20,"stat.craftItem.306":1,"stat.mineBlock.31":2,"stat.useItem.58":11,"stat.craftItem.307":1,"stat.diveOneCm":111,"stat.useItem.15":1,"stat.craftItem.308":1,"stat.craftItem.309":1}